number,title,local_title,title_data,organization,first_year,place,additional_data,heading,period,source,editiontype,price 1976,edition 1976,price 1977,edition 1977
2680,Вопросы горения и тушения полимерных материалов в обогащенных кислородом средах.,,,НИИ противопо-жар. обороты,,,,﻿36. ЗДРАВООХРАНЕНИЕ. МЕДИЦИНСКИЕ НАУКИ Общие вопросы,,Летопись печатных и периодических изданий СССР. Сборники. 1976 - 1977,сборник,,,65.0,700.0
2681,Вопросы теоретической и клинической медицины.,,,"Кабард.-Балкар, гос. ун-т. Мед. фак.",,,,﻿36. ЗДРАВООХРАНЕНИЕ. МЕДИЦИНСКИЕ НАУКИ Общие вопросы,,Летопись печатных и периодических изданий СССР. Сборники. 1976 - 1977,сборник,,,200.0,500.0
2682,Вопросы теоретической медицины.,,,"Чуваш, гос. ун-т им. И. Н. Ульянова",,,,﻿36. ЗДРАВООХРАНЕНИЕ. МЕДИЦИНСКИЕ НАУКИ Общие вопросы,,Летопись печатных и периодических изданий СССР. Сборники. 1976 - 1977,сборник,100.0,500.0,,
1030,"Макро-микроструктура тканей в норме, патологии и эксперименте. Чебоксары",См. 1030.,См. 1030.,См. 1030.,См. 1030.,См. 1030.,См. 1030.,﻿36. ЗДРАВООХРАНЕНИЕ. МЕДИЦИНСКИЕ НАУКИ Общие вопросы,,Летопись печатных и периодических изданий СССР. Сборники. 1976 - 1977,сборник,,,,
2683,Материалы теоретической и клинической медицины.,,,Том. мед. .ин-т,,,,﻿36. ЗДРАВООХРАНЕНИЕ. МЕДИЦИНСКИЕ НАУКИ Общие вопросы,,Летопись печатных и периодических изданий СССР. Сборники. 1976 - 1977,сборник,78.0,1000.0,,
2684,Микроэлементы в медицине.,,,1М-в« здравоохранения УССР. Ивано-Франков. мед. ин-т,,,,﻿36. ЗДРАВООХРАНЕНИЕ. МЕДИЦИНСКИЕ НАУКИ Общие вопросы,,Летопись печатных и периодических изданий СССР. Сборники. 1976 - 1977,сборник,,,150.0,1000.0
2685,Научные труды.,,,"Иркут, гос. мед. ин-т",,,,﻿36. ЗДРАВООХРАНЕНИЕ. МЕДИЦИНСКИЕ НАУКИ Общие вопросы,,Летопись печатных и периодических изданий СССР. Сборники. 1976 - 1977,сборник,100.0,600.0,100.0,625.0
2686,Научные труды Казанского мединститута.,,,"2686.Научные труды Казанского мединститута. Казань.Загл.: т. 47, 48 Труды Казанского ордена Трудового Красного Знамени медицинского института им. С. В. Курашова. вып. 49 1977. 1.000 экз. Ц. 1 р.Т. 47 — 1975",,,,﻿36. ЗДРАВООХРАНЕНИЕ. МЕДИЦИНСКИЕ НАУКИ Общие вопросы,,Летопись печатных и периодических изданий СССР. Сборники. 1976 - 1977,сборник,,,100.0,1000.0
2687,Научные труды.,,,Кубан. гос. мед. ин-т им. Красной Армии,,,,﻿36. ЗДРАВООХРАНЕНИЕ. МЕДИЦИНСКИЕ НАУКИ Общие вопросы,,Летопись печатных и периодических изданий СССР. Сборники. 1976 - 1977,сборник,134.0,767.0,110.0,650.0
2688,Научные труды.,,,НИИ эксперим. и клинич. медицины,,,,﻿36. ЗДРАВООХРАНЕНИЕ. МЕДИЦИНСКИЕ НАУКИ Общие вопросы,,Летопись печатных и периодических изданий СССР. Сборники. 1976 - 1977,сборник,185.0,600.0,335.0,600.0
2689,Научные труды .,,,Новосиб. гос. мед. ин-т,,,,﻿36. ЗДРАВООХРАНЕНИЕ. МЕДИЦИНСКИЕ НАУКИ Общие вопросы,,Летопись печатных и периодических изданий СССР. Сборники. 1976 - 1977,сборник,103.0,833.0,120.0,1000.0
2690,Научные труды.,,,Омский гос. мед. ин-т им. М. И. Калинина,,,,﻿36. ЗДРАВООХРАНЕНИЕ. МЕДИЦИНСКИЕ НАУКИ Общие вопросы,,Летопись печатных и периодических изданий СССР. Сборники. 1976 - 1977,сборник,56.0,500.0,75.0,500.0
2691,Научные труды.,,,Рязан. мед. ин-т нм. акад. И. П. Павлова,,,,﻿36. ЗДРАВООХРАНЕНИЕ. МЕДИЦИНСКИЕ НАУКИ Общие вопросы,,Летопись печатных и периодических изданий СССР. Сборники. 1976 - 1977,сборник,98.0,833.0,116.0,700.0
2692,Научные труды Центрального ордена Ленина института усовершенствования врачей.,,,Вопросы психотерапии алкоголизма и неврозов вып. 2,,,,﻿36. ЗДРАВООХРАНЕНИЕ. МЕДИЦИНСКИЕ НАУКИ Общие вопросы,,Летопись печатных и периодических изданий СССР. Сборники. 1976 - 1977,сборник,57.0,1000.0,61.0,1000.0
2693,Сборник научных трудов.,,,Башк. гос. мед. ин-т им. Г5-летия ВЛКСМ,,,,﻿36. ЗДРАВООХРАНЕНИЕ. МЕДИЦИНСКИЕ НАУКИ Общие вопросы,,Летопись печатных и периодических изданий СССР. Сборники. 1976 - 1977,сборник,80.0,500.0,80.0,500.0
2694,Сборник научных трудов.,,,Кирг. гос. мед. ин-т,,,,﻿36. ЗДРАВООХРАНЕНИЕ. МЕДИЦИНСКИЕ НАУКИ Общие вопросы,,Летопись печатных и периодических изданий СССР. Сборники. 1976 - 1977,сборник,143.0,690.0,161.0,567.0
2695,Сборник научных трудов.,,,Ленингр. гос. ин-т усоверш. врачей им. С. М. Кирова,,,,﻿36. ЗДРАВООХРАНЕНИЕ. МЕДИЦИНСКИЕ НАУКИ Общие вопросы,,Летопись печатных и периодических изданий СССР. Сборники. 1976 - 1977,сборник,78.0,250.0,,
2696,Сборник научных трудов.,,,Рост. гос. мед. ин-т,,,,﻿36. ЗДРАВООХРАНЕНИЕ. МЕДИЦИНСКИЕ НАУКИ Общие вопросы,,Летопись печатных и периодических изданий СССР. Сборники. 1976 - 1977,сборник,60.0,500.0,63.0,850.0
2697,Сборник студенческих научных работ.,,,Кирг. гос. мед. ин-т,,,,﻿36. ЗДРАВООХРАНЕНИЕ. МЕДИЦИНСКИЕ НАУКИ Общие вопросы,,Летопись печатных и периодических изданий СССР. Сборники. 1976 - 1977,сборник,165.0,500.0,,
2698,Сборник трудов СНО (студ науч о-во) Медицинского факультета.,,,студ науч о-во,,,,﻿36. ЗДРАВООХРАНЕНИЕ. МЕДИЦИНСКИЕ НАУКИ Общие вопросы,,Летопись печатных и периодических изданий СССР. Сборники. 1976 - 1977,сборник,,,,
2699,Сборник трудов.,,,Тбил. гос. мед. нн-т,,,,﻿36. ЗДРАВООХРАНЕНИЕ. МЕДИЦИНСКИЕ НАУКИ Общие вопросы,,Летопись печатных и периодических изданий СССР. Сборники. 1976 - 1977,сборник,535.0,500.0,736.0,500.0
2700,Сборник трудов ЦНИЛ медицинских вузов Узбекистана.,,,Ташк. гос. мед. ин-т,,,,﻿36. ЗДРАВООХРАНЕНИЕ. МЕДИЦИНСКИЕ НАУКИ Общие вопросы,,Летопись печатных и периодических изданий СССР. Сборники. 1976 - 1977,сборник,100.0,400.0,,
2701,Труды.,,,Волгогр. гос. мед. ин-т,,,,﻿36. ЗДРАВООХРАНЕНИЕ. МЕДИЦИНСКИЕ НАУКИ Общие вопросы,,Летопись печатных и периодических изданий СССР. Сборники. 1976 - 1977,сборник,43.0,500.0,44.0,750.0
2702,Труды Воронежского государственного медицинского института.,,,"Воронеж, отд-ние Всесоюз. о-ва анатомов, гистологов и эмбриолого®",,,,﻿36. ЗДРАВООХРАНЕНИЕ. МЕДИЦИНСКИЕ НАУКИ Общие вопросы,,Летопись печатных и периодических изданий СССР. Сборники. 1976 - 1977,сборник,60.0,800.0,,
2703,Труды.,,,Торьк. мед. ин-т им. С. М. Кирова,,,,﻿36. ЗДРАВООХРАНЕНИЕ. МЕДИЦИНСКИЕ НАУКИ Общие вопросы,,Летопись печатных и периодических изданий СССР. Сборники. 1976 - 1977,сборник,112.0,1014.0,96.0,1140.0
2704,Труды Ереванского медицинского института.,,,"2704.Труды Ереванского медицинского института. Ереван, «Айастан». © — Рез. на арм. и англ. яз.Вып. 17 кн. 4 1977. 1.000 экз. 1 р. 10 к. Вып. 16 кн. 1 — 1974",,,,﻿36. ЗДРАВООХРАНЕНИЕ. МЕДИЦИНСКИЕ НАУКИ Общие вопросы,,Летопись печатных и периодических изданий СССР. Сборники. 1976 - 1977,сборник,,,110.0,1000.0
2705,Труды Института.,,,"Второй Моск. гос. мед. ин-т им. Н. И, Пирогова",,,,﻿36. ЗДРАВООХРАНЕНИЕ. МЕДИЦИНСКИЕ НАУКИ Общие вопросы,,Летопись печатных и периодических изданий СССР. Сборники. 1976 - 1977,сборник,,,20.0,1000.0
2706,Труды Института Серия Инфекционные болезни.,,,"Второй Моск. гос. мед. ин-т им. Н. И, Пирогова",,,,﻿36. ЗДРАВООХРАНЕНИЕ. МЕДИЦИНСКИЕ НАУКИ Общие вопросы,,Летопись печатных и периодических изданий СССР. Сборники. 1976 - 1977,сборник,98.0,1000.0,90.0,800.0
2707,Труды Института Серия Кожные болезни.,,,"Второй Моск. гос. мед. ин-т им. Н. И, Пирогова",,,,﻿36. ЗДРАВООХРАНЕНИЕ. МЕДИЦИНСКИЕ НАУКИ Общие вопросы,,Летопись печатных и периодических изданий СССР. Сборники. 1976 - 1977,сборник,100.0,1000.0,75.0,1000.0
2708,Труды Институт.,,,"Второй Моск. гос. мед. ин-т им. Н. И, Пирогова",,,,﻿36. ЗДРАВООХРАНЕНИЕ. МЕДИЦИНСКИЕ НАУКИ Общие вопросы,,Летопись печатных и периодических изданий СССР. Сборники. 1976 - 1977,сборник,,1000.0,,
2709,Труды Института Серия Нервные болезни.,,,"Второй Моск. гос. мед. ин-т им. Н. И, Пирогова",,,,﻿36. ЗДРАВООХРАНЕНИЕ. МЕДИЦИНСКИЕ НАУКИ Общие вопросы,,Летопись печатных и периодических изданий СССР. Сборники. 1976 - 1977,сборник,100.0,1000.0,120.0,1000.0
2710,Труды Института Серия: Офтальмология.,,,"Второй Моск. гос. мед. ин-т им. Н. И, Пирогова",,,,﻿36. ЗДРАВООХРАНЕНИЕ. МЕДИЦИНСКИЕ НАУКИ Общие вопросы,,Летопись печатных и периодических изданий СССР. Сборники. 1976 - 1977,сборник,,,95.0,1400.0
2711,Труды Института Серия Педиатрия.,,,"Второй Моск. гос. мед. ин-т им. Н. И, Пирогова",,,,﻿36. ЗДРАВООХРАНЕНИЕ. МЕДИЦИНСКИЕ НАУКИ Общие вопросы,,Летопись печатных и периодических изданий СССР. Сборники. 1976 - 1977,сборник,98.0,1000.0,107.0,1000.0
2712,Труды Института Серия Терапия.,,,"Второй Моск. гос. мед. ин-т им. Н. И, Пирогова",,,,﻿36. ЗДРАВООХРАНЕНИЕ. МЕДИЦИНСКИЕ НАУКИ Общие вопросы,,Летопись печатных и периодических изданий СССР. Сборники. 1976 - 1977,сборник,100.0,1000.0,,
2713,Труды Института Серия Хирургия.,,,"Второй Моск. гос. мед. ин-т им. Н. И, Пирогова",,,,﻿36. ЗДРАВООХРАНЕНИЕ. МЕДИЦИНСКИЕ НАУКИ Общие вопросы,,Летопись печатных и периодических изданий СССР. Сборники. 1976 - 1977,сборник,80.0,700.0,93.0,933.0
2714,Труды Института Серия Анатомия.,,,"Второй Моск. гос. мед. ин-т им. Н. И, Пирогова",,,,﻿36. ЗДРАВООХРАНЕНИЕ. МЕДИЦИНСКИЕ НАУКИ Общие вопросы,,Летопись печатных и периодических изданий СССР. Сборники. 1976 - 1977,сборник,105.0,1000.0,,
2715,Труды Института Серия Биофизика.,,,"Второй Моск. гос. мед. ин-т им. Н. И, Пирогова",,,,﻿36. ЗДРАВООХРАНЕНИЕ. МЕДИЦИНСКИЕ НАУКИ Общие вопросы,,Летопись печатных и периодических изданий СССР. Сборники. 1976 - 1977,сборник,,,86.0,500.0
2716,Труды Института Серия Морфология.,,,"Второй Моск. гос. мед. ин-т им. Н. И, Пирогова",,,,﻿36. ЗДРАВООХРАНЕНИЕ. МЕДИЦИНСКИЕ НАУКИ Общие вопросы,,Летопись печатных и периодических изданий СССР. Сборники. 1976 - 1977,сборник,80.0,700.0,,
2717,Труды Института Серия Фармакология.,,,"Второй Моск. гос. мед. ин-т им. Н. И, Пирогова",,,,﻿36. ЗДРАВООХРАНЕНИЕ. МЕДИЦИНСКИЕ НАУКИ Общие вопросы,,Летопись печатных и периодических изданий СССР. Сборники. 1976 - 1977,сборник,,,90.0,550.0
2718,Труды Института Серия Физиология.,,,"Второй Моск. гос. мед. ин-т им. Н. И, Пирогова",,,,﻿36. ЗДРАВООХРАНЕНИЕ. МЕДИЦИНСКИЕ НАУКИ Общие вопросы,,Летопись печатных и периодических изданий СССР. Сборники. 1976 - 1977,сборник,130.0,1000.0,420.0,1000.0
2719,Труды Института.,,,Моск. обл. н.-и. клинич. ин-т им. М. Ф. Владимирского,,,,﻿36. ЗДРАВООХРАНЕНИЕ. МЕДИЦИНСКИЕ НАУКИ Общие вопросы,,Летопись печатных и периодических изданий СССР. Сборники. 1976 - 1977,сборник,85.0,1000.0,77.0,1000.0
2720,Труды Института.,,,Перм. гос. мед. ин-т,,,,﻿36. ЗДРАВООХРАНЕНИЕ. МЕДИЦИНСКИЕ НАУКИ Общие вопросы,,Летопись печатных и периодических изданий СССР. Сборники. 1976 - 1977,сборник,83.0,600.0,89.0,2550.0
2721,Труды Крымского государственного медицинского института.,,,Харьк. гас. мед. ин-т,,,,﻿36. ЗДРАВООХРАНЕНИЕ. МЕДИЦИНСКИЕ НАУКИ Общие вопросы,,Летопись печатных и периодических изданий СССР. Сборники. 1976 - 1977,сборник,67.0,1000.0,400.0,1000.0
2722,Труды молодых ученых Института.,,,Тбил. гос. мед. ин-т,,,,﻿36. ЗДРАВООХРАНЕНИЕ. МЕДИЦИНСКИЕ НАУКИ Общие вопросы,,Летопись печатных и периодических изданий СССР. Сборники. 1976 - 1977,сборник,280.0,500.0,,
2723,Труды молодых ученых-медиков Узбекистана.,,,Ташк. гос. мед. ИН-т,,,,﻿36. ЗДРАВООХРАНЕНИЕ. МЕДИЦИНСКИЕ НАУКИ Общие вопросы,,Летопись печатных и периодических изданий СССР. Сборники. 1976 - 1977,сборник,,,72.0,299.0
2724,Труды.,,,Сарат. гос. мед. ин-т,,,,﻿36. ЗДРАВООХРАНЕНИЕ. МЕДИЦИНСКИЕ НАУКИ Общие вопросы,,Летопись печатных и периодических изданий СССР. Сборники. 1976 - 1977,сборник,84.0,1000.0,72.0,1000.0
2725,Труды.,,,Смол. гос. мед. ин-т,,,,﻿36. ЗДРАВООХРАНЕНИЕ. МЕДИЦИНСКИЕ НАУКИ Общие вопросы,,Летопись печатных и периодических изданий СССР. Сборники. 1976 - 1977,сборник,83.0,700.0,125.0,650.0
2726,Вопросы анатомии сосудистой системы.,,,Тадж. гос. мед. ин-т им. Абуали ибн-Оино,,,,﻿36. ЗДРАВООХРАНЕНИЕ. МЕДИЦИНСКИЕ НАУКИ Общие вопросы,,Летопись печатных и периодических изданий СССР. Сборники. 1976 - 1977,сборник,,,98.0,1000.0
2727,Сборник трудов Кафедры госпитальной терапии.,,,Тадж. гос. мед. ин-т им. Абуали ибн-Оино,,,,﻿36. ЗДРАВООХРАНЕНИЕ. МЕДИЦИНСКИЕ НАУКИ Общие вопросы,,Летопись печатных и периодических изданий СССР. Сборники. 1976 - 1977,сборник,,,130.0,500.0
2728,Труды Вне серий.,,,Тадж. гос. мед. ин-т им. Абуали ибн-Оино,,,,﻿36. ЗДРАВООХРАНЕНИЕ. МЕДИЦИНСКИЕ НАУКИ Общие вопросы,,Летопись печатных и периодических изданий СССР. Сборники. 1976 - 1977,сборник,96.0,875.0,76.0,1000.0
2729,Ученые записки.,,,Азерб. гос. мед. ин-т им. Н. Нариманова,,,,﻿36. ЗДРАВООХРАНЕНИЕ. МЕДИЦИНСКИЕ НАУКИ Общие вопросы,,Летопись печатных и периодических изданий СССР. Сборники. 1976 - 1977,сборник,67.0,500.0,60.0,500.0
2730,Философские вопросы медицины и биологии.,,,М-во здравоохранения УССР. Киев. мед. ин-т им. А. А. Богомольца,,,,﻿36. ЗДРАВООХРАНЕНИЕ. МЕДИЦИНСКИЕ НАУКИ Общие вопросы,,Летопись печатных и периодических изданий СССР. Сборники. 1976 - 1977,сборник,90.0,1000.0,99.0,1000.0
2731,Вопросы врачебно-трудовой экспертизы и реабилитации больных и инвалидов.,,,Ташк. гос. мед. йн-т,,,,Организация здравоохранения,,Летопись печатных и периодических изданий СССР. Сборники. 1976 - 1977,сборник,,,34.0,299.0
2732,Вопросы социальной гигиены и организации здравоохранения.,,,Узб. респ. науч. о-во социал-гигиенистов и организаторов здравоохранения,,,,Организация здравоохранения,,Летопись печатных и периодических изданий СССР. Сборники. 1976 - 1977,сборник,39.0,1000.0,,
2733,Вопросы социальной гигиены и организации здравоохранения.,,,"Чуваш, гос. ун-т .им, И. Н. Ульянова",,,,Организация здравоохранения,,Летопись печатных и периодических изданий СССР. Сборники. 1976 - 1977,сборник,50.0,500.0,100.0,500.0
2734,"Врачебно-трудовая экспертиза, восстановительное лечение и трудоустройствоинвалидов.",,,М-во соц. обеспечения УССР. Дне-пропегр. НИИ восстановления и экспертизы трудоспособности инвалидов,,,,Организация здравоохранения,,Летопись печатных и периодических изданий СССР. Сборники. 1976 - 1977,сборник,77.0,1000.0,150.0,1000.0
2735,Врачебно-трудовая экспертиза и социально-трудовая реабилитация инвалидов.,,,ЦНИИ экспертизы трудоспособности и орг. труда инвалидов,,,,Организация здравоохранения,,Летопись печатных и периодических изданий СССР. Сборники. 1976 - 1977,сборник,,,100.0,2000.0
2736,Охрана здоровья детей и подростков.,,,М-во здравоохранения УССР. Харьк. НИИ охраны здоровья детей и подростков им. Н. К. Крупской,,,,Организация здравоохранения,,Летопись печатных и периодических изданий СССР. Сборники. 1976 - 1977,сборник,,,123.0,1000.0
2737,Сборник научных работ врачей санаторно-курортных учреждений профсоюзов.,,,"Центр, совет по управлению курортами профсоюзов",,,,Организация здравоохранения,,Летопись печатных и периодических изданий СССР. Сборники. 1976 - 1977,сборник,44.0,3000.0,45.0,3000.0
2738,"Социальная гигиена, организация здравоохранения и история медицины.",,,М-во здравоохранения УССР,,,,Организация здравоохранения,,Летопись печатных и периодических изданий СССР. Сборники. 1976 - 1977,сборник,88.0,4000.0,,
2739,Труды Ленинградского научно-исследовательского института экспертизы трудоспособности и организации труда инвалидов «ЛИЭТИН».,,,"2739.Труды Ленинградского научно-исследовательского института экспертизы трудоспособности и организации труда инвалидов «ЛИЭТИН». Л. ©Изд. описано по обороту тит. л., на тит. л. и обл. темат. загл.;|Вып. 39 1976. 75 к.; вып. 40 4976. 1 р. 47 к.; вып. 41 1977. 1 р. 05 к.; вып. 42 1977. 1 р. 84 к.; вып. 43 1977. 92 к. — 1.000 экз. 1Вып. 37 — 1975",,,,Организация здравоохранения,,Летопись печатных и периодических изданий СССР. Сборники. 1976 - 1977,сборник,75.0,1000.0,127.0,1000.0
2740,Труды.,,,Моск. НИИ скорой помощи им. Н. В. Склифосовского,,,,Организация здравоохранения,,Летопись печатных и периодических изданий СССР. Сборники. 1976 - 1977,сборник,185.0,725.0,270.0,750.0
2741,Новости медицинской техники.,,,ВНИИ мед. приборостроения,,,,Организация здравоохранения,,Летопись печатных и периодических изданий СССР. Сборники. 1976 - 1977,сборник,,,,
2742,Рационализаторская работа в учреждениях здравоохранения БССР.,,,"М-во здравоохранения БССР. Мин. гос. мед. ин-т. Отд. изобрет., рац. и пат.-лиценз. работы Минздрава БССР. Респ. отд. науч. мед. информ. Совет науч. о-в",,,,Организация здравоохранения,,Летопись печатных и периодических изданий СССР. Сборники. 1976 - 1977,сборник,,,100.0,500.0
2743,Борьба с силикозом.,,,"Ин-т горн. дела им. А. А. Скочинского. Центр, междувед.комис. по борьбе с пневмокониозом",,,,Гигиена и санитария,,Летопись печатных и периодических изданий СССР. Сборники. 1976 - 1977,сборник,,,204.0,1600.0
2744,"Вопросы гигиены труда, промышленной токсикологии и профессиональной патологии в отдельных отраслях промышленности Азербайджана.",,,ОИИ гигиены труда и проф. заболеваний им. М. М. Эфенди-заде,,,,Гигиена и санитария,,Летопись печатных и периодических изданий СССР. Сборники. 1976 - 1977,сборник,,,150.0,500.0
2745,Гигиена детей и подростков.,,,Ин-т гигиены детей и подростков,,,,Гигиена и санитария,,Летопись печатных и периодических изданий СССР. Сборники. 1976 - 1977,сборник,,,100.0,500.0
2746,Гигиена и профессиональные заболевания.,,,Риж. мед. ин-т,,,,Гигиена и санитария,,Летопись печатных и периодических изданий СССР. Сборники. 1976 - 1977,сборник,,,54.0,800.0
2747,Гигиена и токсикология полимерных строительных материалов.,,,Рост. гос. мед. ин-т,,,,Гигиена и санитария,,Летопись печатных и периодических изданий СССР. Сборники. 1976 - 1977,сборник,,,75.0,700.0
2748,Гигиена населенных мест.,,,М-во здравоохранения УССР. Киев. НИИ общ. и коммун. гигиены им. А. Н. Марзеева,,,,Гигиена и санитария,,Летопись печатных и периодических изданий СССР. Сборники. 1976 - 1977,сборник,,,141.0,1000.0
2749,"Гигиена применения, токсикология пестицидов и клиника отравлений.",,,Ин-т общ. и коммун. гигиены им. А. Н. СысинН,,,,Гигиена и санитария,,Летопись печатных и периодических изданий СССР. Сборники. 1976 - 1977,сборник,,,100.0,1000.0
2750,Гигиена труда.,,,М-во здравоохранения УССР. Киев. НИИ гигиены труда и профзаболеваний,,,,Гигиена и санитария,,Летопись печатных и периодических изданий СССР. Сборники. 1976 - 1977,сборник,83.0,1000.0,149.0,1000.0
2751,Гигиена труда и профессиональная патология в алюминиевой поомышленности.,,,Моск. НИИ гигиены им. Ф. Эрисмана. Сб. подгот. Свердл. ин-том гигиены труда и профзаболеваний,,,,Гигиена и санитария,,Летопись печатных и периодических изданий СССР. Сборники. 1976 - 1977,сборник,140.0,500.0,,
2752,Гигиена труда и профессиональная патология в Эстонской ССР.,,,"Ин-т экеперим. и клин, медицины",,,,Гигиена и санитария,,Летопись печатных и периодических изданий СССР. Сборники. 1976 - 1977,сборник,126.0,500.0,,
2753,"Гигиена, физиология и эпидемиология на железнодорожном транспорте.",,,ВНИИ ж.-д. гигиены,,,,Гигиена и санитария,,Летопись печатных и периодических изданий СССР. Сборники. 1976 - 1977,сборник,54.0,800.0,77.0,800.0
2754,Гигиенические аспекты охраны окружающей среды.,,,"Ин-т общ. и коммун, гигиены им. А. Н. Сыся-на",,,,Гигиена и санитария,,Летопись печатных и периодических изданий СССР. Сборники. 1976 - 1977,сборник,100.0,500.0,80.0,500.0
2755,Гигиеническое значение факторов малой интенсивности в условиях населенных мест и производства.,,,"Моск. НИИ гигиены им. Ф. Ф. Эрисмана, Сб. подгот. Куйбышев. НИИ гигиены",,,,Гигиена и санитария,,Летопись печатных и периодических изданий СССР. Сборники. 1976 - 1977,сборник,312.0,600.0,,
2756,Комбинированное действие физических и химических факторов производственной среды.,,,Моск. НИИ гигиены им. Ф. Ф. Эрисмана. Сб. подгот. Свердл. НИИ гигиены труда и профзаболеваний,,,,Гигиена и санитария,,Летопись печатных и периодических изданий СССР. Сборники. 1976 - 1977,сборник,,,,500.0
2757,Медико-технические проблемы индивидуальной защиты человека.,,,М-во здравоохранения СОСР,,,,Гигиена и санитария,,Летопись печатных и периодических изданий СССР. Сборники. 1976 - 1977,сборник,,,59.0,200.0
2758,Оздоровление условий труда на предприятиях тяжелой промышленности.,,,Всесоюз. ЦНИИ охраны труда,,,,Гигиена и санитария,,Летопись печатных и периодических изданий СССР. Сборники. 1976 - 1977,сборник,,,,
2759,Проблемы гигиены и организации здравоохранения в Узбекистане.,,,Ташк. гос. мед. ин-т,,,,Гигиена и санитария,,Летопись печатных и периодических изданий СССР. Сборники. 1976 - 1977,сборник,100.0,350.0,67.0,299.0
2760,Промсанитария и борьба с травматизмом в угольных шахтах.,,,"Рос. Макеев. НИИ по безопасности работ в горн, пром-сти",,,,Гигиена и санитария,,Летопись печатных и периодических изданий СССР. Сборники. 1976 - 1977,сборник,20.0,500.0,,
2761,Профессиональные болезни пылевой этиологии.,,,Моск. НИИ гигиены им. Ф. Ф. Эрисмана,,,,Гигиена и санитария,,Летопись печатных и периодических изданий СССР. Сборники. 1976 - 1977,сборник,,,150.0,500.0
2762,Рациональное питание.,,,М-во здравоохранения УССР. Киев. НИИ гигиены питания,,,,Гигиена и санитария,,Летопись печатных и периодических изданий СССР. Сборники. 1976 - 1977,сборник,101.0,1000.0,77.0,1000.0
2763,Сборник научных трудов.,,,Сб: подгот. Ангар. НИИ гигиены труда и профзаболеваний,,,,Гигиена и санитария,,Летопись печатных и периодических изданий СССР. Сборники. 1976 - 1977,сборник,120.0,500.0,,
2764,Сборник научных трудов.,,,Сб. подгот. Новосиб. н.-и. сан. ин-том,,,,Гигиена и санитария,,Летопись печатных и периодических изданий СССР. Сборники. 1976 - 1977,сборник,,,180.0,500.0
2765,Сборник трудов (НИИ гигиены труда и профзаболеваний им.,,,НИИ гигиены труда и профзаболеваний им. Н. И. Мах-виладзе,,,,Гигиена и санитария,,Летопись печатных и периодических изданий СССР. Сборники. 1976 - 1977,сборник,,500.0,,
2766,Сборник трудов.,,,НИИ санитарии и гигиены им. Г. М. Натадзе,,,,Гигиена и санитария,,Летопись печатных и периодических изданий СССР. Сборники. 1976 - 1977,сборник,,,140.0,500.0
2767,Труды Института (ЦНИИ профилактики пневмокониозов и техники безопасности) .,,,ЦНИИ профилактики пневмокониозов и техники безопасности,,,,Гигиена и санитария,,Летопись печатных и периодических изданий СССР. Сборники. 1976 - 1977,сборник,78.0,800.0,48.0,800.0
2768,Труды Ленинградского санитарно-гигиенического медицинского института.,,,т. 112—114 1.000 экз.,,,,Гигиена и санитария,,Летопись печатных и периодических изданий СССР. Сборники. 1976 - 1977,сборник,95.0,700.0,74.0,700.0
2769,Сборник научных работ.,,,Моск. НИИ эпидемиологии и микробиологии,,,,Эпидемиология,,Летопись печатных и периодических изданий СССР. Сборники. 1976 - 1977,сборник,200.0,1000.0,,
2770,Современные методы и средства дезинфекции и стерилизации.,,,Моск. НИИ вакцин и сывороток им. И. И. Мечникова. Сб. подгот. ВНИИ дезинфекции и стерилизации,,,,Эпидемиология,,Летопись печатных и периодических изданий СССР. Сборники. 1976 - 1977,сборник,150.0,1000.0,150.0,1000.0
2771,Труды Института имени Пастера.,,,Лениигр. НИИ эпидемиологии и микробиологии им. Пастера,,,,Эпидемиология,,Летопись печатных и периодических изданий СССР. Сборники. 1976 - 1977,сборник,151.0,800.0,,
2772,Труды.,,,"Ин-т эпидемиологии, микробиологии и инфекц. болезней",,,,Эпидемиология,,Летопись печатных и периодических изданий СССР. Сборники. 1976 - 1977,сборник,235.0,,,
2773,Актуальные вопросы иммунологии и иммунопатологии.,,,Рост. гос. мед. ин-т,,,,Общая патология,,Летопись печатных и периодических изданий СССР. Сборники. 1976 - 1977,сборник,,500.0,,
2774,Вопросы общего учения о болезни.,,,Ин-т общ. патологии и патол. физиологии. Науч. совет по пробл. общ. патологии,,,,Общая патология,,Летопись печатных и периодических изданий СССР. Сборники. 1976 - 1977,сборник,,,,
2775,Иммунология и аллергия.,,,"М-во здра-воохранения УССР. Киев. НИИ эпидемиологии, микробиологии и паразитологии",,,,Общая патология,,Летопись печатных и периодических изданий СССР. Сборники. 1976 - 1977,сборник,,,143.0,1000.0
2776,Клеточные механизмы приспособительных процессов.,,,Ташк. гос. мед. ин-т,,,,Общая патология,,Летопись печатных и периодических изданий СССР. Сборники. 1976 - 1977,сборник,80.0,299.0,36.0,299.0
2777,Механизмы патологических^ процессов.,,,Ташк. гос. мед. ин-т,,,,Общая патология,,Летопись печатных и периодических изданий СССР. Сборники. 1976 - 1977,сборник,100.0,800.0,67.0,299.0
2778,Труды Ленинградского научного общества патологоанатомов.,,,Науч. о-во патологоанатомов Ленинграда и Ленингр. обл.,,,,Общая патология,,Летопись печатных и периодических изданий СССР. Сборники. 1976 - 1977,сборник,202.0,1000.0,360.0,1000.0
2779,Труды Научно-исследовательского института краевой патологии.,,,2779.Труды Научно-исследовательского института краевой патологии. Алма-Ата. © Т. 29 ч. 1 1976. 1 р. 26 к.; т. 29 ч. 2 1977. 1 р. 50 к.; т. 30 1976. 74 к. — 1.000 экз.Т. 2® — 1975.Медицинская микробиология и паразитологи,,,,Общая патология,,Летопись печатных и периодических изданий СССР. Сборники. 1976 - 1977,сборник,100.0,1000.0,150.0,1000.0
2780,Вирусы и вирусные заболевания.,,,М-во здравоохранения УССР. Одес. НИИ вирусологии и эпидемиологии им. И. И. Мечникова,,,,Медицинская микробиология и паразитология,,Летопись печатных и периодических изданий СССР. Сборники. 1976 - 1977,сборник,87.0,1000.0,147.0,1000.0
2769,Сборник научных работ (Моск. НИИ эпидемиологии и микробиологии). М,См. 2769.,См. 2769.,См. 2769.,См. 2769.,См. 2769.,См. 2769.,Медицинская микробиология и паразитология,,Летопись печатных и периодических изданий СССР. Сборники. 1976 - 1977,сборник,,,,
2781,"Стандарты, штаммы и методы контроля бактерийных и вирусных препаратов.",,,Моск. НИИ вакцин и сывороток -им. И. И. Мечникова,,,,Медицинская микробиология и паразитология,,Летопись печатных и периодических изданий СССР. Сборники. 1976 - 1977,сборник,130.0,500.0,130.0,500.0
2771,Труды Института им. Пастера. Л,См. 2771.,См. 2771.,См. 2771.,См. 2771.,См. 2771.,См. 2771.,Медицинская микробиология и паразитология,,Летопись печатных и периодических изданий СССР. Сборники. 1976 - 1977,сборник,,,,
2772,"Труды (Ин-т эпидемиологии, микробиологии и инфекц. болезней). Алма-Ата",См. 2772.,См. 2772.,См. 2772.,См. 2772.,См. 2772.,См. 2772.,Медицинская микробиология и паразитология,,Летопись печатных и периодических изданий СССР. Сборники. 1976 - 1977,сборник,,,,
2782,Труды ТомНИИВС и ТМИ (Том.,,,Том. НИИ вакцин и сывороток и Том. мед. ин-т,,,,Медицинская микробиология и паразитология,,Летопись печатных и периодических изданий СССР. Сборники. 1976 - 1977,сборник,1205.0,1000.0,200.0,1000.0
2783,Вопросы фармакологии и фармации.,,,Ташк. гос. мед. мн-rr,,,,Фармакология. Фармация. Токсикология,,Летопись печатных и периодических изданий СССР. Сборники. 1976 - 1977,сборник,100.0,350.0,67.0,299.0
2784,Вопросы фармации на Дальнем Востоке.,,,"Хабар, краев, науч. о-во фармацевтов. Хабар, мед. ин-т",,,,Фармакология. Фармация. Токсикология,,Летопись печатных и периодических изданий СССР. Сборники. 1976 - 1977,сборник,,,67.0,600.0
2785,Научные труды (Перм.,,,Перм. гос. фар-мац. ин-т,,,,Фармакология. Фармация. Токсикология,,Летопись печатных и периодических изданий СССР. Сборники. 1976 - 1977,сборник,73.0,500.0,63.0,500.0
2786,Труды Всесоюзного научно-исследовательского института фармации.,,,Труды Центрального аптечного научно-исследовательского института,,,,Фармакология. Фармация. Токсикология,,Летопись печатных и периодических изданий СССР. Сборники. 1976 - 1977,сборник,,,170.0,2000.0
2787,Фармакология и токсикология.,,,M-bo здравоохранения УССР. Киев. НИИ фармакологии и токсикологии,,,,Фармакология. Фармация. Токсикология,,Летопись печатных и периодических изданий СССР. Сборники. 1976 - 1977,сборник,93.0,,82.0,
2788,Экспериментальная и клиническая фармакотерапия.,,,"Ин-т орган, синтеза",,,,Фармакология. Фармация. Токсикология,,Летопись печатных и периодических изданий СССР. Сборники. 1976 - 1977,сборник,83.0,3000.0,150.0,3000.0
2789,Актуальные вопросы курортологии и физиотерапии.,,,Ташк. гос. мед.ИЯгТ,,,,Общая терапия,,Летопись печатных и периодических изданий СССР. Сборники. 1976 - 1977,сборник,72.0,425.0,55.0,299.0
2790,Актуальные вопросы терапии.,,,Ташк. гос. мед. ин-т,,,,Общая терапия,,Летопись печатных и периодических изданий СССР. Сборники. 1976 - 1977,сборник,,,45.0,299.0
1028,Криобиология и криомедицина. Киев,См. 1028.,См. 1028.,См. 1028.,См. 1028.,См. 1028.,См. 1028.,Общая терапия,,Летопись печатных и периодических изданий СССР. Сборники. 1976 - 1977,сборник,,,,
2791,Курортология и ревматология.,,,"Ин-т эксперт, и клинич. медицины",,,,Общая терапия,,Летопись печатных и периодических изданий СССР. Сборники. 1976 - 1977,сборник,105.0,500.0,,
2792,Курортология и физиотерапия.,,,М-во здравоохранения УССР. Одес. НИИ курортологии,,,,Общая терапия,,Летопись печатных и периодических изданий СССР. Сборники. 1976 - 1977,сборник,,,99.0,1000.0
2793,Труды института.,,,Кирг. НИИ курортология и физиотерапии,,,,Общая терапия,,Летопись печатных и периодических изданий СССР. Сборники. 1976 - 1977,сборник,63.0,500.0,150.0,500.0
2794,Труды Института.,,,ЦНИИ курортологии я физиотерапии,,,,Общая терапия,,Летопись печатных и периодических изданий СССР. Сборники. 1976 - 1977,сборник,160.0,1000.0,198.0,1000.0
2795,Труды.,,,НИИ курортологии и физиотерапии им. И. Г. Кониашв-или,,,,Общая терапия,,Летопись печатных и периодических изданий СССР. Сборники. 1976 - 1977,сборник,,,100.0,500.0
2796,Клиническая рентгенология.,,,M-во здравоохранения УССР. Киев. н.-и. рентгенора-диол. и онкол. ин-т,,,,Общая терапия,,Летопись печатных и периодических изданий СССР. Сборники. 1976 - 1977,сборник,94.0,1000.0,,
2797,Радиация и организм.,,,НИИ м-ед. радиологии,,,,Общая терапия,,Летопись печатных и периодических изданий СССР. Сборники. 1976 - 1977,сборник,,,120.0,500.0
2876,Труды Казахского научно-исследовательского института онкологии и радиологии. Алма-Ата,См. 2876.,См. 2876.,См. 2876.,См. 2876.,См. 2876.,См. 2876.,Общая терапия,,Летопись печатных и периодических изданий СССР. Сборники. 1976 - 1977,сборник,,,,
2798,"Труды Научно-исследовательского института рентгенологии, радиологии и онкологии.",,,"2798.Труды Научно-исследовательского института рентгенологии, радиологии и онкологии. Баку.Т. 10 1976. 300 экз-. 90 к.Т. 9 — 1972",,,,Общая терапия,,Летопись печатных и периодических изданий СССР. Сборники. 1976 - 1977,сборник,,,,
2799,Экспериментальная и клиническая радиология.,,,М-во здравоохранения УССР. Ха-рьк. НИИ мед. радиологии,,,,Общая терапия,,Летопись печатных и периодических изданий СССР. Сборники. 1976 - 1977,сборник,126.0,1700.0,126.0,1000.0
2800,Актуальные вопросы гастроэнтерологии.,,,ЦНИИ гастроэнтерологии,,,,Внутренние болезни,,Летопись печатных и периодических изданий СССР. Сборники. 1976 - 1977,сборник,100.0,3000.0,100.0,3000.0
2801,Актуальные вопросы патологии печени.,,,Ин-т гастроэнтерологии,,,,Внутренние болезни,,Летопись печатных и периодических изданий СССР. Сборники. 1976 - 1977,сборник,40.0,1200.0,,
2802,Актуальные вопросы ревматологии.,,,Ка-з-ан. гос. мед. ин-т им. С. В. Ку-р-ашова. Респ. клинич. больница- М-ва здравоохранения Татар. A-ССР. Науч. мед. о-во терапевтов Татар. АС-СР,,,,Внутренние болезни,,Летопись печатных и периодических изданий СССР. Сборники. 1976 - 1977,сборник,130.0,1000.0,,
2803,Актуальные проблемы сердечно-сосудистых заболеваний.,,,Моск. мед. стома-тол. ин-т им. Н. А. Семашко,,,,Внутренние болезни,,Летопись печатных и периодических изданий СССР. Сборники. 1976 - 1977,сборник,,,130.0,1000.0
2804,"Артериальная гипертония, атеросклероз и ишемическая болезнь сердца.",,,"Чуваш, гос. ун-т. им. И. Н. Ульянова",,,,Внутренние болезни,,Летопись печатных и периодических изданий СССР. Сборники. 1976 - 1977,сборник,,,90.0,500.0
2805,Вопросы гематологии и переливания крови.,,,Азерб. Н-И-И гематологии и перели-ва-ния крови,,,,Внутренние болезни,,Летопись печатных и периодических изданий СССР. Сборники. 1976 - 1977,сборник,65.0,600.0,100.0,500.0
2806,Вопросы гематологии и переливания крови.,,,Та-шк. гос. мед. ин-т,,,,Внутренние болезни,,Летопись печатных и периодических изданий СССР. Сборники. 1976 - 1977,сборник,,,63.0,299.0
2807,Вопросы клинической нейрокардиологии.,,,Ленингр. ин-т усо-ве:рш. в-рачей им. С. М. Кир-о-в-а,,,,Внутренние болезни,,Летопись печатных и периодических изданий СССР. Сборники. 1976 - 1977,сборник,,,50.0,1000.0
2808,Вопросы практической гастроэнтерологии.,,,Ин-т эксперим. и клинич. медицины. Науч. о-во гастроэнтерологов ЭСОР. Науч. о-во терапевтов ЭССР,,,,Внутренние болезни,,Летопись печатных и периодических изданий СССР. Сборники. 1976 - 1977,сборник,,,200.0,700.0
2809,Гастроэнтерология.,,,М-во здравоохранения УССР. Днепропетр. НИИ гастроэнтерологии,,,,Внутренние болезни,,Летопись печатных и периодических изданий СССР. Сборники. 1976 - 1977,сборник,92.0,1000.0,146.0,1000.0
2810,Гематология и переливание крови.,,,М-во здравоохранения УССР. Киев. НИИ гематологии и переливания крови,,,,Внутренние болезни,,Летопись печатных и периодических изданий СССР. Сборники. 1976 - 1977,сборник,91.0,1000.0,86.0,1000.0
2811,"Гипертоническая болезнь, атеросклероз и коронарная недостаточность.",,,М-во здравоохранения УССР. Киев. НИИ клинич. медицины им. акад. Н. Д. Стражеско,,,,Внутренние болезни,,Летопись печатных и периодических изданий СССР. Сборники. 1976 - 1977,сборник,,,137.0,1000.0
2812,Кровоснабжение жизненно важных органов.,,,"Том. мед. ин-т. Алт. мед. ин-т. Алт. отд-ние !ВНО и ВРИО анатомов, гистологов и эмбриологов",,,,Внутренние болезни,,Летопись печатных и периодических изданий СССР. Сборники. 1976 - 1977,сборник,,,100.0,700.0
2791,Курортология и ревматология. Талли,См. 2791.,См. 2791.,См. 2791.,См. 2791.,См. 2791.,См. 2791.,Внутренние болезни,,Летопись печатных и периодических изданий СССР. Сборники. 1976 - 1977,сборник,,,,
2813,Некоторые вопросы кардиологии.,,,"Воронеж, гос. мед. пн-т им. Н. IT. Бурденко",,,,Внутренние болезни,,Летопись печатных и периодических изданий СССР. Сборники. 1976 - 1977,сборник,,,,
2814,О болезнях прямой и ободочной кишок.,,,Моск. н.-и. онкол.ин-т им. П. А. Герцена. Н.-и. лаб. проктологии с клиникой М-ва здравоохранения РСФСР,,,,Внутренние болезни,,Летопись печатных и периодических изданий СССР. Сборники. 1976 - 1977,сборник,150.0,600.0,200.0,700.0
2815,Ревматизм.,,,М-во здравоохранения УССР. Одес. мед. ин-т,,,,Внутренние болезни,,Летопись печатных и периодических изданий СССР. Сборники. 1976 - 1977,сборник,85.0,1000.0,,
2816,Регуляция функции почек и водносолевого обмена.,,,Том. мед. ин-т. Алт. мед. ин-т. Алт. о-во фармакологов,,,,Внутренние болезни,,Летопись печатных и периодических изданий СССР. Сборники. 1976 - 1977,сборник,,800.0,,
2817,Сборник трудов (НИИ гематологии и переливания крови им.,,,НИИ гематологии и переливания крови им. акад. Г. М. Му-хадзе,,,,Внутренние болезни,,Летопись печатных и периодических изданий СССР. Сборники. 1976 - 1977,сборник,,,120.0,500.0
2818,Современные проблемы кардиологии.,,,Всесоюз. карди-ол. науч. центр,,,,Внутренние болезни,,Летопись печатных и периодических изданий СССР. Сборники. 1976 - 1977,сборник,,,190.0,1000.0
2819,Успехи гепатологии.,,,Риж. мед. ин-т,,,,Внутренние болезни,,Летопись печатных и периодических изданий СССР. Сборники. 1976 - 1977,сборник,,,325.0,2500.0
2820,Электроника и химия в кардиологии.,,,"Изд-во Воронеж, ун-та",,,,Внутренние болезни,,Летопись печатных и периодических изданий СССР. Сборники. 1976 - 1977,сборник,88.0,1500.0,,
1115,Эндокринология. Киев,См. 1115.,См. 1115.,См. 1115.,См. 1115.,См. 1115.,См. 1115.,Внутренние болезни,,Летопись печатных и периодических изданий СССР. Сборники. 1976 - 1977,сборник,,,,
2821,гия.,,,Моск. мед. стоматол. ин-т им. Н. А. Семашко,,,,Внутренние болезни,,Летопись печатных и периодических изданий СССР. Сборники. 1976 - 1977,сборник,,,206.0,500.0
2822,Актуальные вопросы травматологии и ортопедии.,,,"Центр, ин-т травматологии и ортопедии им. Н. Н. Приорова. В помощь практ. врачу",,,,Внутренние болезни,,Летопись печатных и периодических изданий СССР. Сборники. 1976 - 1977,сборник,93.0,1000.0,98.0,1200.0
2823,Актуальные вопросы хирургии.,,,Ташк. гос. мед. ин-т,,,,Внутренние болезни,,Летопись печатных и периодических изданий СССР. Сборники. 1976 - 1977,сборник,,,,
2824,Актуальные проблемы современной клинической хирургии.,,,"Чуваш, гос. ун-т им. И. Н. Ульянова",,,,Внутренние болезни,,Летопись печатных и периодических изданий СССР. Сборники. 1976 - 1977,сборник,,,70.0,500.0
2825,Вопросы клинической и экспериментальной хирургии.,,,Рост. н-Д гос. мед. ин-т,,,,Внутренние болезни,,Летопись печатных и периодических изданий СССР. Сборники. 1976 - 1977,сборник,,,60.0,500.0
2826,Вопросы травматологии и ортопедии.,,,Ташк. гос. мед. ин-т,,,,Внутренние болезни,,Летопись печатных и периодических изданий СССР. Сборники. 1976 - 1977,сборник,100.0,500.0,59.0,299.0
2827,Общая и неотложная хирургия.,,,М-во здравоохранения УССР. Харьк. НИИ общ. и неотлож. хирургии,,,,Внутренние болезни,,Летопись печатных и периодических изданий СССР. Сборники. 1976 - 1977,сборник,120.0,1000.0,85.0,1000.0
2828,"Ортопедия, травматология и протезирование.",,,М-во здравоохранения УССР. Киев. НИИ ортопедии,,,,Внутренние болезни,,Летопись печатных и периодических изданий СССР. Сборники. 1976 - 1977,сборник,87.0,1000.0,85.0,1000.0
2829,Патология позвоночника.,,,Ленингр. НИИ травматологии и ортопедии им. Р. Р. Вредена,,,,Внутренние болезни,,Летопись печатных и периодических изданий СССР. Сборники. 1976 - 1977,сборник,50.0,1000.0,,
2830,Предупреждение и лечение осложнений при закрытых’ переломах костей.,,,М-во здравоохранения РСФСР. Ленингр. НИИ травматологии и ортопедии нм. Р. Р. Вредена,,,,Внутренние болезни,,Летопись печатных и периодических изданий СССР. Сборники. 1976 - 1977,сборник,150.0,700.0,,
2831,Протезирование и протезострое-нне.,,,ЦНИИ протезирования и протезостроения,,,,Внутренние болезни,,Летопись печатных и периодических изданий СССР. Сборники. 1976 - 1977,сборник,87.0,1000.0,80.0,1000.0
2832,Сборник научных трудов (Ленингр.,,,Ленингр. НИИ травматологии и ортопедии им. Р. Р. Вредена. Сб. подгот. Свердл. НИИ травматологии и ортопедии,,,,Внутренние болезни,,Летопись печатных и периодических изданий СССР. Сборники. 1976 - 1977,сборник,100.0,700.0,,
2833,Сборник трудов (Бакин» НИИ травматологии и ортопедии).,,,Бакин» НИИ травматологии и ортопедии,,,,Внутренние болезни,,Летопись печатных и периодических изданий СССР. Сборники. 1976 - 1977,сборник,,,100.0,400.0
2834,Сборник трудов.,,,"Каф. хирургии, 2 Тбил. ин-та усоверш. врачей",,,,Внутренние болезни,,Летопись печатных и периодических изданий СССР. Сборники. 1976 - 1977,сборник,,,135.0,600.0
2835,Сборник трудов.,,,НИИ травматологии и ортопедии,,,,Внутренние болезни,,Летопись печатных и периодических изданий СССР. Сборники. 1976 - 1977,сборник,,,200.0,500.0
2836,Травматический шок.,,,Ленингр. НИИ скорой помощи нм. ироф. И. И. Джанелидзе,,,,Внутренние болезни,,Летопись печатных и периодических изданий СССР. Сборники. 1976 - 1977,сборник,120.0,800.0,,
2837,Труды Института.,,,Р«ж. НИИ травматологии и ортопедии,,,,Внутренние болезни,,Летопись печатных и периодических изданий СССР. Сборники. 1976 - 1977,сборник,94.0,600.0,,
2838,Труды Института экспериментальной и клинической хирургии (Експеримсн-тули да клиникури хирургиис институте шромеби).,,,Експеримсн-тули да клиникури хирургиис институте шромеби,,,,Внутренние болезни,,Летопись печатных и периодических изданий СССР. Сборники. 1976 - 1977,сборник,110.0,500.0,,
2839,Труды Казанского НИИТО.,,,НИИ травматологии и ортопедии,,,,Внутренние болезни,,Летопись печатных и периодических изданий СССР. Сборники. 1976 - 1977,сборник,80.0,600.0,,
2840,Труды.,,,Ленингр. НИИ травмато лопш п ортопедии им. Р. Р. .Вредена,,,,Внутренние болезни,,Летопись печатных и периодических изданий СССР. Сборники. 1976 - 1977,сборник,115.0,650.0,,
2841,"Чрескостный компрессионный, дистракционный и компрессионно-дистракционный остеосинтез в травматологии и ортопедии.",,,Ленингр. НИИ травматологии и ортопедии им. Р. Р. Вре-дена. Сб. подгот. Курган. НИИ эксперим. и клинич. ортопедии и травматологии,,,,Внутренние болезни,,Летопись печатных и периодических изданий СССР. Сборники. 1976 - 1977,сборник,145.0,1000.0,100.0,1000.0
2842,Актуальные вопросы инфекционной патологии.,,,"Узб. НИИ эпидемиологии, микробиологии и ин-фекцион. заболеваний",,,,Инфекционные и паразитарные болезни,,Летопись печатных и периодических изданий СССР. Сборники. 1976 - 1977,сборник,,,65.0,1000.0
2843,Актуальные вопросы эпидемиологии и инфекционных болезней.,,,Моск. НИИ вакцин и сывороток им. И. И. Мечникова. ЦНИИ эпидемиологии,,,,Инфекционные и паразитарные болезни,,Летопись печатных и периодических изданий СССР. Сборники. 1976 - 1977,сборник,40.0,600.0,,
2844,Антропонозные инфекции и их профилактика на Дальнем Востоке.,,,"Хабар, гос. мед. ин-т. Хабар. НИИ эпидемиологии и микробиологии",,,,Инфекционные и паразитарные болезни,,Летопись печатных и периодических изданий СССР. Сборники. 1976 - 1977,сборник,120.0,700.0,,
2845,Вопросы инфекционной патологии и иммунологии.,,,Ин-т эпидемиологии и микробиологии им. Н. Ф. Гамалеи,,,,Инфекционные и паразитарные болезни,,Летопись печатных и периодических изданий СССР. Сборники. 1976 - 1977,сборник,224.0,1000.0,,
2846,Вопросы природной очаговости болезней.,,,"АН КазССР. Секция «Природная очаговость болезней» Науч. совета «Биологические основы освоения, реконструкции и охраны животного мира» АН СССР",,,,Инфекционные и паразитарные болезни,,Летопись печатных и периодических изданий СССР. Сборники. 1976 - 1977,сборник,12.0,1150.0,,
2847,Кишечные инфекции.,,,М-во здравоохранения УССР. Киев. НИИ инфекц. болезней,,,,Инфекционные и паразитарные болезни,,Летопись печатных и периодических изданий СССР. Сборники. 1976 - 1977,сборник,135.0,1000.0,148.0,1000.0
2848,"Клиника, лечение и профилактика лепры.",,,ЦНИИ туберкулеза. НИИ по изуч. лепры,,,,Инфекционные и паразитарные болезни,,Летопись печатных и периодических изданий СССР. Сборники. 1976 - 1977,сборник,198.0,1000.0,,
2849,Природно-очаговые инфекции и инвазии Дальнего Востока.,,,"Хабар, гос. мед. ин-т. Хабар. НИИ эпидемиологии и микробиологии",,,,Инфекционные и паразитарные болезни,,Летопись печатных и периодических изданий СССР. Сборники. 1976 - 1977,сборник,90.0,600.0,,
2850,Проблемы глубоких микозов.,,,"Центр, ин-т усоверш. врачей",,,,Инфекционные и паразитарные болезни,,Летопись печатных и периодических изданий СССР. Сборники. 1976 - 1977,сборник,113.0,1000.0,,
2851,Проблемы гриппа и острых респираторных заболеваний.,,,ВНИИ гриппа,,,,Инфекционные и паразитарные болезни,,Летопись печатных и периодических изданий СССР. Сборники. 1976 - 1977,сборник,75.0,1000.0,100.0,1000.0
2852,Проблемы особо опасных инфекций.,,,Всесоюз. н.-и. противочум. ин-т «Микроб»,,,,Инфекционные и паразитарные болезни,,Летопись печатных и периодических изданий СССР. Сборники. 1976 - 1977,сборник,80.0,,80.0,
2853,Профилактика особо опасных инфекций.,,,Всесоюз. н.-и. противочум. ин-т «Микроб»,,,,Инфекционные и паразитарные болезни,,Летопись печатных и периодических изданий СССР. Сборники. 1976 - 1977,сборник,97.0,1500.0,123.0,1500.0
2854,Труды Азербайджанского научно-исследовательского института медицинской паразитологии и тропической медицины им.,,,обл. 1973,,,,Инфекционные и паразитарные болезни,,Летопись печатных и периодических изданий СССР. Сборники. 1976 - 1977,сборник,,500.0,,500.0
2855,Труды Научно-исследовательского института медицинской паразитологии и тропической медицины им.,,,С. Вирсаладзис сахелобис самедицино паразитологииса да тропикули медицинис самецниеро-квлевити институтис шромеби,,,,Инфекционные и паразитарные болезни,,Летопись печатных и периодических изданий СССР. Сборники. 1976 - 1977,сборник,100.0,500.0,100.0,500.0
2856,Грудная хирургия.,,,М-во здравоохранения УССР. Киев. НИИ туберкулеза и грудной хирургии,,,,Фтизиология,,Летопись печатных и периодических изданий СССР. Сборники. 1976 - 1977,сборник,,,100.0,1000.0
2857,Диагностика и лечение заболеваний легких.,,,Моск. мед. стоматол. ин-т нм. Н. А. Семашко,,,,Фтизиология,,Летопись печатных и периодических изданий СССР. Сборники. 1976 - 1977,сборник,100.0,700.0,,
2858,Избранные разделы пульмонологии и хирургии.,,,ВНИИ пульмонологии. 1-й Ленингр. мед ин-т им. акад. И. П. Павлова,,,,Фтизиология,,Летопись печатных и периодических изданий СССР. Сборники. 1976 - 1977,сборник,,,55.0,1000.0
2859,Легочная патология.,,,Ин-т эксперим. и клинич. медицины,,,,Фтизиология,,Летопись печатных и периодических изданий СССР. Сборники. 1976 - 1977,сборник,117.0,500.0,,
2860,Проблемы пульмонологии.,,,ВНИИ пульмонологии,,,,Фтизиология,,Летопись печатных и периодических изданий СССР. Сборники. 1976 - 1977,сборник,,,323.0,1000.0
2861,Пульмонология.,,,М-во здравоохранения УССР,,,,Фтизиология,,Летопись печатных и периодических изданий СССР. Сборники. 1976 - 1977,сборник,,,144.0,1000.0
2862,Сборник трудов Института.,,,ЦНИИ туберкулеза,,,,Фтизиология,,Летопись печатных и периодических изданий СССР. Сборники. 1976 - 1977,сборник,80.0,700.0,130.0,700.0
2863,Труды.,,,Моск. НИИ туберкулеза,,,,Фтизиология,,Летопись печатных и периодических изданий СССР. Сборники. 1976 - 1977,сборник,70.0,1000.0,190.0,700.0
2864,Туберкулез.,,,М-во здравоохранения УССР. Киев. НИИ туберкулеза и грудной хирургии,,,,Фтизиология,,Летопись печатных и периодических изданий СССР. Сборники. 1976 - 1977,сборник,86.0,1000.0,100.0,1000.0
2865,Туберкулез.,,,Кирг. НИИ туберкулеза. Респ. науч. мед. о-во фтизиатров,,,,Фтизиология,,Летопись печатных и периодических изданий СССР. Сборники. 1976 - 1977,сборник,,,190.0,1000.0
2866,Актуальные вопросы онкологии.,,,Кемеров. мед. ин-т. Кемеров. обл. онкол. диспансер. Кемеров. обл. науч.-практ. о-во онкологов,,,,Онкология,,Летопись печатных и периодических изданий СССР. Сборники. 1976 - 1977,сборник,103.0,1000.0,,
2867,Актуальные вопросы онкологии и рентгеиорадиологии.,,,Узб. НИИ онкологии и радиологии. Узбекистан. науч.-мед. о-во онкологов,,,,Онкология,,Летопись печатных и периодических изданий СССР. Сборники. 1976 - 1977,сборник,104.0,1000.0,,
2868,Актуальные проблемы онкологии и медицинской радиологии.,,,НИИ онкологии и мед. радиологии,,,,Онкология,,Летопись печатных и периодических изданий СССР. Сборники. 1976 - 1977,сборник,210.0,800.0,160.0,800.0
2869,Вопросы клинической и экспериментальной онкологии.,,,Кирг. респ. о-во онкологов,,,,Онкология,,Летопись печатных и периодических изданий СССР. Сборники. 1976 - 1977,сборник,,,180.0,500.0
2870,Вопросы клинической онкологии и нейроэндокринных нарушений при злокачественных новообразованиях.,,,Моск. н.-и. онкол. ин-т им. П. А. Герцена. Рост. н.-и. онкол. ин-т,,,,Онкология,,Летопись печатных и периодических изданий СССР. Сборники. 1976 - 1977,сборник,,,150.0,800.0
2871,Вопросы онкологии и радиологии.,,,Каз. НИИ онкологии и радиологии. Алма-Ата,,,,Онкология,,Летопись печатных и периодических изданий СССР. Сборники. 1976 - 1977,сборник,,,117.0,
2872,Материалы по борьбе со злокачественными опухолями.,,,Респ. онкол. диспансер. Каф. общ. хирургии и рентгеиорадиологии Башк. мед. ин-та,,,,Онкология,,Летопись печатных и периодических изданий СССР. Сборники. 1976 - 1977,сборник,97.0,500.0,,
2873,Онкология.,,,АН УССР. Ин-т пробл. онкологии,,,,Онкология,,Летопись печатных и периодических изданий СССР. Сборники. 1976 - 1977,сборник,135.0,1000.0,152.0,1000.0
2874,Опухоли головы и шеи.,,,Онкол. науч. центр АМН СССР. Ком. по изуч. опухолей головы и шеи Всесоюз. науч. мед. о-ва онкологов,,,,Онкология,,Летопись печатных и периодических изданий СССР. Сборники. 1976 - 1977,сборник,150.0,1000.0,110.0,1000.0
2875,Опухоли опорно-двигательного аппарата.,,,Онкол. науч. центр АМН СССР,,,,Онкология,,Летопись печатных и периодических изданий СССР. Сборники. 1976 - 1977,сборник,200.0,1000.0,,
2876,Труды Казахского научно-исследовательского института онкологии и радиологии.,,,2876.Труды Казахского научно-исследовательского института онкологии и радиологии. Алма-Ата.Надзаг.: т. 12 Акад. мед. .наук СССР. Онкол. науч. центр.Т. 12 1977. 1.000 экз. 2 р. 10 к.; т. 131976.800 экз. Б. ц.; т. 15 1977. 1 р. 80 к.Т. 1 — 1975,,,,Онкология,,Летопись печатных и периодических изданий СССР. Сборники. 1976 - 1977,сборник,210.0,800.0,195.0,1000.0
2798,"Труды Научно-исследовательского института рентгенологии, радиологии и онкологии. Баку. См. 27",См. 2798.,См. 2798.,См. 2798.,См. 2798.,См. 2798.,См. 2798.,Онкология,,Летопись печатных и периодических изданий СССР. Сборники. 1976 - 1977,сборник,,,,
2877,ология.,,,Науч-исслед. кож.-венерол. »н-т,,,,Онкология,,Летопись печатных и периодических изданий СССР. Сборники. 1976 - 1977,сборник,132.0,1000.0,155.0,1000.0
2878,Вопросы микологии.,,,Горьк. н.-и. кож.-венерол. ин-т. Свердл. н.-и. кож.-венерол. ин-т,,,,Онкология,,Летопись печатных и периодических изданий СССР. Сборники. 1976 - 1977,сборник,100.0,1000.0,,
2879,Дерматология и венерология.,,,М-во здравоохранения УССР. Харьк. НИИ дерматологии и венерологии,,,,Онкология,,Летопись печатных и периодических изданий СССР. Сборники. 1976 - 1977,сборник,88.0,1000.0,130.0,1000.0
2880,Сборник трудов.,,,Науч.-исслед. кож.-венерол. ин-т,,,,Онкология,,Летопись печатных и периодических изданий СССР. Сборники. 1976 - 1977,сборник,,,170.0,500.0
2881,Актуальные вопросы невропатологии и нейрохирургии.,,,"Белорус. НИИ неврологии, нейрохирургии и физиотерапии",,,,Невропатология. Нейрохирургия. Психиатрия,,Летопись печатных и периодических изданий СССР. Сборники. 1976 - 1977,сборник,,,210.0,2000.0
2882,Вопросы психиатрии и невропатологии.,,,Ленингр. н.-и. психоневрол. ин-т нм. В. М. Бехтерева. Ленингр. отд-ние Всерос. науч. о-ва невропатологов и психиатров,,,,Невропатология. Нейрохирургия. Психиатрия,,Летопись печатных и периодических изданий СССР. Сборники. 1976 - 1977,сборник,287.0,1200.0,,
2883,Вопросы психоневрологии.,,,Азерб. науч. о-во невропатологов и психиатров,,,,Невропатология. Нейрохирургия. Психиатрия,,Летопись печатных и периодических изданий СССР. Сборники. 1976 - 1977,сборник,,,200.0,1000.0
2884,Клиническая неврология Узбекистана.,,,Ташк. гос. мед. ин-т,,,,Невропатология. Нейрохирургия. Психиатрия,,Летопись печатных и периодических изданий СССР. Сборники. 1976 - 1977,сборник,80.0,1000.0,60.0,299.0
2885,Клиническая психиатрия Узбекистана.,,,Ташк. гос. мед. ин-т,,,,Невропатология. Нейрохирургия. Психиатрия,,Летопись печатных и периодических изданий СССР. Сборники. 1976 - 1977,сборник,100.0,350.0,,
2886,Неврология и психиатрия.,,,М-во здравоохранения УССР. Харьк. НИИ неврологии -и психиатрии,,,,Невропатология. Нейрохирургия. Психиатрия,,Летопись печатных и периодических изданий СССР. Сборники. 1976 - 1977,сборник,130.0,1000.0,100.0,1000.0
2887,Нейрохирургия.,,,М-во здравоохранения УССР. Киев. НИИ нейрохирургии,,,,Невропатология. Нейрохирургия. Психиатрия,,Летопись печатных и периодических изданий СССР. Сборники. 1976 - 1977,сборник,88.0,1000.0,,
2888,Сборник трудов.,,,НИИ психиатрии им. М. М. Асатиани,,,,Невропатология. Нейрохирургия. Психиатрия,,Летопись печатных и периодических изданий СССР. Сборники. 1976 - 1977,сборник,,,,
2889,Труды.,,,"Ленингр. н.-и. нейрохирург, ин-т им. проф. А. Л. Поленова",,,,Невропатология. Нейрохирургия. Психиатрия,,Летопись печатных и периодических изданий СССР. Сборники. 1976 - 1977,сборник,,,200.0,700.0
2890,Труды Ленинградского научно-исследовательского психоневрологического института им В М Бехтерева.,,,рез. отсутствует,,,,Невропатология. Нейрохирургия. Психиатрия,,Летопись печатных и периодических изданий СССР. Сборники. 1976 - 1977,сборник,101.0,1000.0,141.0,1000.0
2891,Труды Московского научно-исследовательского института психиатрии М3 РСФСР.,,,"рез. на англ, яз.",,,,Невропатология. Нейрохирургия. Психиатрия,,Летопись печатных и периодических изданий СССР. Сборники. 1976 - 1977,сборник,140.0,1675.0,200.0,1350.0
2892,Эпилепсия.,,,Ин-т клинич. и эксперим. неврологии,,,,Невропатология. Нейрохирургия. Психиатрия,,Летопись печатных и периодических изданий СССР. Сборники. 1976 - 1977,сборник,60.0,600.0,,
2893,Основные стоматологические заболевания.,,,Ташк. мед. ин-т,,,,Стоматология,,Летопись печатных и периодических изданий СССР. Сборники. 1976 - 1977,сборник,120.0,500.0,,
2894,Терапевтическая стоматология.,,,М-во здравоохранения УССР. Киев. мед. ин-т им. акад. А. А. Богомольца. Науч. мед. о-во стоматологов УССР,,,,Стоматология,,Летопись печатных и периодических изданий СССР. Сборники. 1976 - 1977,сборник,90.0,1000.0,150.0,1000.0
2895,Труды стоматологов Литовской ССР.,,,Респ. науч. мед. о-во стоматологов,,,,Стоматология,,Летопись печатных и периодических изданий СССР. Сборники. 1976 - 1977,сборник,125.0,1200.0,,
2896,Хирургическая стоматология.,,,"М-во здравоохранения УССР. Киев, ин-т усоверш. врачей",,,,Стоматология,,Летопись печатных и периодических изданий СССР. Сборники. 1976 - 1977,сборник,84.0,1000.0,,
2897,Экспериментальная и клиническая стоматология.,,,ЦНИИ стоматологии,,,,Стоматология,,Летопись печатных и периодических изданий СССР. Сборники. 1976 - 1977,сборник,,,50.0,500.0
2898,Вопросы офтальмологии.,,,"Каз. науч. мед. о-во офтальмологов. Каз. НИИ глазных болезней, объед. с Каф. глазных болезней Алма-Атнн. гос. мед. нн-та",,,,Офтальмология,,Летопись печатных и периодических изданий СССР. Сборники. 1976 - 1977,сборник,120.0,1000.0,,
2899,Научные труды.,,,Моск. НИИ глазных болезней им. Гельмгольца,,,,Офтальмология,,Летопись печатных и периодических изданий СССР. Сборники. 1976 - 1977,сборник,161.0,1000.0,,
2900,Актуальные вопросы оториноларингологии.,,,Ташк. гос. мед. ин-т,,,,Оториноларингология,,Летопись печатных и периодических изданий СССР. Сборники. 1976 - 1977,сборник,,,34.0,299.0
2901,Сборник трудов.,,,"Моск. НИИ уха, горла и носа",,,,Оториноларингология,,Летопись печатных и периодических изданий СССР. Сборники. 1976 - 1977,сборник,100.0,1000.0,100.0,800.0
2902,Слух и речь в норме и патологии.,,,Ленингр. восстанов. центр ВОГ [Всерос. о-во глухих]. Каф. фонетики Ленингр. гос. ун-та,,,,Оториноларингология,,Летопись печатных и периодических изданий СССР. Сборники. 1976 - 1977,сборник,,,31.0,1000.0
2903,Актуальные вопросы урологии и нефрологии.,,,Ташк. гос. мед. ин-т,,,,Урология,,Летопись печатных и периодических изданий СССР. Сборники. 1976 - 1977,сборник,,,84.0,299.0
2904,Вопросы клинической и экспериментальной урологии.,,,Ин-т урологии и нефрологии им. А. И. Цулукидзе,,,,Урология,,Летопись печатных и периодических изданий СССР. Сборники. 1976 - 1977,сборник,125.0,500.0,100.0,500.0
2905,Вопросы экспериментальной и клинической урологии.,,,"Куйбышев, гос. мед. ин-т им. Д. И. Ульянова. Оренб. гос. мед. ин-т",,,,Урология,,Летопись печатных и периодических изданий СССР. Сборники. 1976 - 1977,сборник,75.0,1000.0,,
2906,Урология.,,,М-во здравоохранения УССР. Киев. НИИ заболеваний почек и мочевыводящих путей (урологии,,,,Урология,,Летопись печатных и периодических изданий СССР. Сборники. 1976 - 1977,сборник,116.0,1000.0,100.0,1000.0
2907,Актуальные вопросы акушерства и гинекологии.,,,Ташк. гос. мед. ин-т,,,,Гинекология. Акушерство,,Летопись печатных и периодических изданий СССР. Сборники. 1976 - 1977,сборник,167.0,350.0,,
2908,Акушерство и гинекология.,,,М-во здравоохранения УССР. Киев. мед. ин-т им. акад. А. А. Богомольца,,,,Гинекология. Акушерство,,Летопись печатных и периодических изданий СССР. Сборники. 1976 - 1977,сборник,90.0,1000.0,,
2909,Вопросы акушерства и педиатрии.,,,Кирг. НИИ акушерства и педиатрии,,,,Гинекология. Акушерство,,Летопись печатных и периодических изданий СССР. Сборники. 1976 - 1977,сборник,,,137.0,500.0
2910,"Вопросы гинекологической и акушерской эндокринологии, специализированная акушерско-гинекологическая помощь.",,,"Благовещен. г®с. мед. ин-т. Амур. обл. отд. здравоохранения. Амур, обл. науч. о-во акушеров-гинекологов",,,,Гинекология. Акушерство,,Летопись печатных и периодических изданий СССР. Сборники. 1976 - 1977,сборник,148.0,380.0,,
2924,"Анатомо-физиологические особенности и физическое воспитание детей, подростков и юношей. Владимир",См. 2924.,См. 2924.,См. 2924.,См. 2924.,См. 2924.,См. 2924.,Педиатрия,,Летопись печатных и периодических изданий СССР. Сборники. 1976 - 1977,сборник,,,,
2911,Вопросы детской пульмонологии.,,,"Воронеж, гос. мед. «н-т. Воронеж. фил. Всерос. о-ва дет. врачей",,,,Педиатрия,,Летопись печатных и периодических изданий СССР. Сборники. 1976 - 1977,сборник,60.0,600.0,,
2912,Детская гастроэнтерология и гепатология.,,,Риж. мед. ин-т,,,,Педиатрия,,Летопись печатных и периодических изданий СССР. Сборники. 1976 - 1977,сборник,,,70.0,600.0
2913,Детские инфекции.,,,"М-во здравоохранения УССР. Киев. НИИ эпидемиологии, микробиологии и паразитологии",,,,Педиатрия,,Летопись печатных и периодических изданий СССР. Сборники. 1976 - 1977,сборник,81.0,1000.0,140.0,1000.0
2914,Педиатрия.,,,"М-во здравоохранения УССР. Киев. НИИ педиатрии, акушерства и гинекологии",,,,Педиатрия,,Летопись печатных и периодических изданий СССР. Сборники. 1976 - 1977,сборник,75.0,1000.0,,
2915,Теоретическая медицина и педиатрическая практика.,,,Моск. НИИ педиатрии и дет. хирургии,,,,Педиатрия,,Летопись печатных и периодических изданий СССР. Сборники. 1976 - 1977,сборник,170.0,800.0,200.0,850.0
2916,Труды.,,,"Ленингр. педиатр, мед. ин-т",,,,Педиатрия,,Летопись печатных и периодических изданий СССР. Сборники. 1976 - 1977,сборник,108.0,1000.0,108.0,1000.0
2917,Труды.,,,НИИ педиатрии,,,,Педиатрия,,Летопись печатных и периодических изданий СССР. Сборники. 1976 - 1977,сборник,250.0,500.0,200.0,500.0
2918,Сборник научных работ.,,,"Воен-мед. фак. при Куйбышев, мед. ин-те им. Д. И. Ульянова",,,,Военная медицина,,Летопись печатных и периодических изданий СССР. Сборники. 1976 - 1977,сборник,,,,350.0
2919,Вопросы судебной медицины и экспертной практики.,,,"Чит. гос. мед. ин-т. Чит. науч. о-во судеб, медиков",,,,Судебная медицина,,Летопись печатных и периодических изданий СССР. Сборники. 1976 - 1977,сборник,,,45.0,900.0
2920,Судебная экспертиза.,,,"Центр. Ленингр. н.-и. криминалист, лаб. Ленингр. сан.-гигиен. мед. нн-т",,,,Судебная медицина,,Летопись печатных и периодических изданий СССР. Сборники. 1976 - 1977,сборник,,,270.0,1500.0
2921,Судебно-психиатрическая экспертиза.,,,"ЦНИИ судеб, психиатрии им. проф. В. П. Сербского",,,,Судебная медицина,,Летопись печатных и периодических изданий СССР. Сборники. 1976 - 1977,сборник,63.0,1000.0,65.0,1000.0
2922,Медико-биологические проблемы физической культуры и спорта.,,,Каз. ин-т физ. культуры,,,,Другие отрасли медицины,,Летопись печатных и периодических изданий СССР. Сборники. 1976 - 1977,сборник,60.0,500.0,55.0,500.0
2923,Медицинские проблемы физической культуры.,,,М-во здравоохранения УССР. Киев. НИИ мед. пробл. физ. культуры,,,,Другие отрасли медицины,,Летопись печатных и периодических изданий СССР. Сборники. 1976 - 1977,сборник,51.0,1000.0,,
